Workbook

Sheet README
A1: Marketing Content OS - Advanced Google Sheets Workbook
A3: Section | B3: Details
A4: What this file does | B4: Advanced content pipeline, automatic progress bars, a Kanban board, KPI dashboard, AI prompt library, calendar integration, and Apps Script automation hooks.
A5: How to use it | B5: Upload the .xlsx to Google Drive, open it with Google Sheets, review the Config sheet, paste the included Apps Script files into Extensions > Apps Script, then reload.
A6: Important | B6: Direct Google Business Profile posting requires API access approval, valid account/location IDs, and OAuth scopes.
A7: Files included | B7: Workbook (.xlsx), Code.gs, appsscript.json, and setup guide (.md).
A10: Reference URLs | B10: OpenAI Responses API: https://developers.openai.com/api/reference/resources/responses/methods/create/ OpenAI auth overview: https://platform.openai.com/docs/api-reference/ Google Business Profile Local Posts create: https://developers.google.com/my-business/reference/rest/v4/accounts.locations.localPosts/create Google Business Profile basic setup: https://developers.google.com/my-business/content/basic-setup

Sheet Content Pipeline
A1: Content Pipeline
A2: Project ID | B2: Owner | C2: Brand / Business | D2: Niche | E2: Topic / Keyword | F2: Content Type | G2: Hub or Spoke | H2: Priority | I2: Start Date | J2: Due Date | K2: Research | L2: Draft | M2: Edit | N2: Design | O2: Schedule | P2: Publish | Q2: Repurpose | R2: Distribute | S2: Current Stage | T2: Progress % | U2: Days to Due | V2: Published URL | W2: Traffic | X2: Conversions | Y2: Conv Rate | Z2: Publish Month | AA2: Prompt Used | AB2: AI Output | AC2: Asset Link | AD2: Status Note | AE2: Last Updated
A3: P-001 | B3: Marcus | C3: Escape Maze | D3: Local entertainment | E3: Family escape room near me | F3: Blog | G3: Hub | H3: High | I3: 46083 | J3: 46091 | K3: Yes | L3: Yes | M3: Yes | N3: No | O3: No | P3: No | Q3: No | R3: No | S3: =IF(A3="","",IF(R3="Yes","Distributed",IF(Q3="Yes","Repurpose",IF(P3="Yes","Published",IF(O3="Yes","Scheduled",IF(N3="Yes","Design",IF(M3="Yes","Editing",IF(L3="Yes","Drafting",IF(K3="Yes","Research","Backlog"))))))))) -> Editing | T3: =IF(A3="","",COUNTIF(K3:R3,"Yes")/8) -> 0.375 | U3: =IF(OR(A3="",J3=""),"",J3-TODAY()) -> -17 | W3: 340 | X3: 12 | Y3: =IF(OR(A3="",W3=0),"",X3/W3) -> 0.035294118 | Z3: =IF(OR(A3="",J3=""),"",TEXT(J3,"yyyy-mm")) -> 2026-03 | AA3: Blog Outline Builder | AB3: Core article drafted; needs design assets | AD3: Strong buyer intent | AE3: 46088
A4: P-002 | B4: Marcus | C4: Escape Maze | D4: Local entertainment | E4: Top rainy day activities in Peterborough | F4: Blog | G4: Spoke | H4: High | I4: 46085 | J4: 46093 | K4: Yes | L4: Yes | M4: No | N4: No | O4: No | P4: No | Q4: No | R4: No | S4: =IF(A4="","",IF(R4="Yes","Distributed",IF(Q4="Yes","Repurpose",IF(P4="Yes","Published",IF(O4="Yes","Scheduled",IF(N4="Yes","Design",IF(M4="Yes","Editing",IF(L4="Yes","Drafting",IF(K4="Yes","Research","Backlog"))))))))) -> Drafting | T4: =IF(A4="","",COUNTIF(K4:R4,"Yes")/8) -> 0.25 | U4: =IF(OR(A4="",J4=""),"",J4-TODAY()) -> -15 | W4: 0 | X4: 0 | Y4: =IF(OR(A4="",W4=0),"",X4/W4) | Z4: =IF(OR(A4="",J4=""),"",TEXT(J4,"yyyy-mm")) -> 2026-03 | AA4: Local SEO Blog | AB4: Draft complete; add internal links | AD4: Link to hub page | AE4: 46088
A5: P-003 | B5: Marcus | C5: Escape Maze | D5: Local entertainment | E5: Weekend escape room offer | F5: Google Business Profile | G5: Spoke | H5: Medium | I5: 46086 | J5: 46089 | K5: Yes | L5: No | M5: No | N5: No | O5: No | P5: No | Q5: No | R5: No | S5: =IF(A5="","",IF(R5="Yes","Distributed",IF(Q5="Yes","Repurpose",IF(P5="Yes","Published",IF(O5="Yes","Scheduled",IF(N5="Yes","Design",IF(M5="Yes","Editing",IF(L5="Yes","Drafting",IF(K5="Yes","Research","Backlog"))))))))) -> Research | T5: =IF(A5="","",COUNTIF(K5:R5,"Yes")/8) -> 0.125 | U5: =IF(OR(A5="",J5=""),"",J5-TODAY()) -> -19 | W5: 0 | X5: 0 | Y5: =IF(OR(A5="",W5=0),"",X5/W5) | Z5: =IF(OR(A5="",J5=""),"",TEXT(J5,"yyyy-mm")) -> 2026-03 | AA5: GBP Offer Post | AB5: Use weekend CTA and booking link | AD5: Add location keywords | AE5: 46088
A6: P-004 | B6: Marcus | C6: MJW Design | D6: Automation agency | E6: AI automation checklist for small business | F6: Lead Magnet | G6: Hub | H6: High | I6: 46082 | J6: 46096 | K6: Yes | L6: Yes | M6: Yes | N6: Yes | O6: Yes | P6: No | Q6: No | R6: No | S6: =IF(A6="","",IF(R6="Yes","Distributed",IF(Q6="Yes","Repurpose",IF(P6="Yes","Published",IF(O6="Yes","Scheduled",IF(N6="Yes","Design",IF(M6="Yes","Editing",IF(L6="Yes","Drafting",IF(K6="Yes","Research","Backlog"))))))))) -> Scheduled | T6: =IF(A6="","",COUNTIF(K6:R6,"Yes")/8) -> 0.625 | U6: =IF(OR(A6="",J6=""),"",J6-TODAY()) -> -12 | W6: 120 | X6: 6 | Y6: =IF(OR(A6="",W6=0),"",X6/W6) -> 0.05 | Z6: =IF(OR(A6="",J6=""),"",TEXT(J6,"yyyy-mm")) -> 2026-03 | AA6: Lead Magnet Builder | AB6: Ready to schedule landing page | AD6: Tie to newsletter | AE6: 46088
A7: P-005 | B7: Marcus | C7: MJW Design | D7: Automation agency | E7: How local businesses can automate follow-up | F7: YouTube | G7: Spoke | H7: Medium | I7: 46087 | J7: 46099 | K7: No | L7: No | M7: No | N7: No | O7: No | P7: No | Q7: No | R7: No | S7: =IF(A7="","",IF(R7="Yes","Distributed",IF(Q7="Yes","Repurpose",IF(P7="Yes","Published",IF(O7="Yes","Scheduled",IF(N7="Yes","Design",IF(M7="Yes","Editing",IF(L7="Yes","Drafting",IF(K7="Yes","Research","Backlog"))))))))) -> Backlog | T7: =IF(A7="","",COUNTIF(K7:R7,"Yes")/8) -> 0 | U7: =IF(OR(A7="",J7=""),"",J7-TODAY()) -> -9 | W7: 0 | X7: 0 | Y7: =IF(OR(A7="",W7=0),"",X7/W7) | Z7: =IF(OR(A7="",J7=""),"",TEXT(J7,"yyyy-mm")) -> 2026-03 | AA7: Video Script | AB7: Backlog topic | AD7: Could become shorts series | AE7: 46088
S8: =IF(A8="","",IF(R8="Yes","Distributed",IF(Q8="Yes","Repurpose",IF(P8="Yes","Published",IF(O8="Yes","Scheduled",IF(N8="Yes","Design",IF(M8="Yes","Editing",IF(L8="Yes","Drafting",IF(K8="Yes","Research","Backlog"))))))))) | T8: =IF(A8="","",COUNTIF(K8:R8,"Yes")/8) | U8: =IF(OR(A8="",J8=""),"",J8-TODAY()) | Y8: =IF(OR(A8="",W8=0),"",X8/W8) | Z8: =IF(OR(A8="",J8=""),"",TEXT(J8,"yyyy-mm"))
S9: =IF(A9="","",IF(R9="Yes","Distributed",IF(Q9="Yes","Repurpose",IF(P9="Yes","Published",IF(O9="Yes","Scheduled",IF(N9="Yes","Design",IF(M9="Yes","Editing",IF(L9="Yes","Drafting",IF(K9="Yes","Research","Backlog"))))))))) | T9: =IF(A9="","",COUNTIF(K9:R9,"Yes")/8) | U9: =IF(OR(A9="",J9=""),"",J9-TODAY()) | Y9: =IF(OR(A9="",W9=0),"",X9/W9) | Z9: =IF(OR(A9="",J9=""),"",TEXT(J9,"yyyy-mm"))
S10: =IF(A10="","",IF(R10="Yes","Distributed",IF(Q10="Yes","Repurpose",IF(P10="Yes","Published",IF(O10="Yes","Scheduled",IF(N10="Yes","Design",IF(M10="Yes","Editing",IF(L10="Yes","Drafting",IF(K10="Yes","Research","Backlog"))))))))) | T10: =IF(A10="","",COUNTIF(K10:R10,"Yes")/8) | U10: =IF(OR(A10="",J10=""),"",J10-TODAY()) | Y10: =IF(OR(A10="",W10=0),"",X10/W10) | Z10: =IF(OR(A10="",J10=""),"",TEXT(J10,"yyyy-mm"))
S11: =IF(A11="","",IF(R11="Yes","Distributed",IF(Q11="Yes","Repurpose",IF(P11="Yes","Published",IF(O11="Yes","Scheduled",IF(N11="Yes","Design",IF(M11="Yes","Editing",IF(L11="Yes","Drafting",IF(K11="Yes","Research","Backlog"))))))))) | T11: =IF(A11="","",COUNTIF(K11:R11,"Yes")/8) | U11: =IF(OR(A11="",J11=""),"",J11-TODAY()) | Y11: =IF(OR(A11="",W11=0),"",X11/W11) | Z11: =IF(OR(A11="",J11=""),"",TEXT(J11,"yyyy-mm"))
S12: =IF(A12="","",IF(R12="Yes","Distributed",IF(Q12="Yes","Repurpose",IF(P12="Yes","Published",IF(O12="Yes","Scheduled",IF(N12="Yes","Design",IF(M12="Yes","Editing",IF(L12="Yes","Drafting",IF(K12="Yes","Research","Backlog"))))))))) | T12: =IF(A12="","",COUNTIF(K12:R12,"Yes")/8) | U12: =IF(OR(A12="",J12=""),"",J12-TODAY()) | Y12: =IF(OR(A12="",W12=0),"",X12/W12) | Z12: =IF(OR(A12="",J12=""),"",TEXT(J12,"yyyy-mm"))
S13: =IF(A13="","",IF(R13="Yes","Distributed",IF(Q13="Yes","Repurpose",IF(P13="Yes","Published",IF(O13="Yes","Scheduled",IF(N13="Yes","Design",IF(M13="Yes","Editing",IF(L13="Yes","Drafting",IF(K13="Yes","Research","Backlog"))))))))) | T13: =IF(A13="","",COUNTIF(K13:R13,"Yes")/8) | U13: =IF(OR(A13="",J13=""),"",J13-TODAY()) | Y13: =IF(OR(A13="",W13=0),"",X13/W13) | Z13: =IF(OR(A13="",J13=""),"",TEXT(J13,"yyyy-mm"))
S14: =IF(A14="","",IF(R14="Yes","Distributed",IF(Q14="Yes","Repurpose",IF(P14="Yes","Published",IF(O14="Yes","Scheduled",IF(N14="Yes","Design",IF(M14="Yes","Editing",IF(L14="Yes","Drafting",IF(K14="Yes","Research","Backlog"))))))))) | T14: =IF(A14="","",COUNTIF(K14:R14,"Yes")/8) | U14: =IF(OR(A14="",J14=""),"",J14-TODAY()) | Y14: =IF(OR(A14="",W14=0),"",X14/W14) | Z14: =IF(OR(A14="",J14=""),"",TEXT(J14,"yyyy-mm"))
S15: =IF(A15="","",IF(R15="Yes","Distributed",IF(Q15="Yes","Repurpose",IF(P15="Yes","Published",IF(O15="Yes","Scheduled",IF(N15="Yes","Design",IF(M15="Yes","Editing",IF(L15="Yes","Drafting",IF(K15="Yes","Research","Backlog"))))))))) | T15: =IF(A15="","",COUNTIF(K15:R15,"Yes")/8) | U15: =IF(OR(A15="",J15=""),"",J15-TODAY()) | Y15: =IF(OR(A15="",W15=0),"",X15/W15) | Z15: =IF(OR(A15="",J15=""),"",TEXT(J15,"yyyy-mm"))
S16: =IF(A16="","",IF(R16="Yes","Distributed",IF(Q16="Yes","Repurpose",IF(P16="Yes","Published",IF(O16="Yes","Scheduled",IF(N16="Yes","Design",IF(M16="Yes","Editing",IF(L16="Yes","Drafting",IF(K16="Yes","Research","Backlog"))))))))) | T16: =IF(A16="","",COUNTIF(K16:R16,"Yes")/8) | U16: =IF(OR(A16="",J16=""),"",J16-TODAY()) | Y16: =IF(OR(A16="",W16=0),"",X16/W16) | Z16: =IF(OR(A16="",J16=""),"",TEXT(J16,"yyyy-mm"))
S17: =IF(A17="","",IF(R17="Yes","Distributed",IF(Q17="Yes","Repurpose",IF(P17="Yes","Published",IF(O17="Yes","Scheduled",IF(N17="Yes","Design",IF(M17="Yes","Editing",IF(L17="Yes","Drafting",IF(K17="Yes","Research","Backlog"))))))))) | T17: =IF(A17="","",COUNTIF(K17:R17,"Yes")/8) | U17: =IF(OR(A17="",J17=""),"",J17-TODAY()) | Y17: =IF(OR(A17="",W17=0),"",X17/W17) | Z17: =IF(OR(A17="",J17=""),"",TEXT(J17,"yyyy-mm"))
S18: =IF(A18="","",IF(R18="Yes","Distributed",IF(Q18="Yes","Repurpose",IF(P18="Yes","Published",IF(O18="Yes","Scheduled",IF(N18="Yes","Design",IF(M18="Yes","Editing",IF(L18="Yes","Drafting",IF(K18="Yes","Research","Backlog"))))))))) | T18: =IF(A18="","",COUNTIF(K18:R18,"Yes")/8) | U18: =IF(OR(A18="",J18=""),"",J18-TODAY()) | Y18: =IF(OR(A18="",W18=0),"",X18/W18) | Z18: =IF(OR(A18="",J18=""),"",TEXT(J18,"yyyy-mm"))
S19: =IF(A19="","",IF(R19="Yes","Distributed",IF(Q19="Yes","Repurpose",IF(P19="Yes","Published",IF(O19="Yes","Scheduled",IF(N19="Yes","Design",IF(M19="Yes","Editing",IF(L19="Yes","Drafting",IF(K19="Yes","Research","Backlog"))))))))) | T19: =IF(A19="","",COUNTIF(K19:R19,"Yes")/8) | U19: =IF(OR(A19="",J19=""),"",J19-TODAY()) | Y19: =IF(OR(A19="",W19=0),"",X19/W19) | Z19: =IF(OR(A19="",J19=""),"",TEXT(J19,"yyyy-mm"))
... S302: =IF(A302="","",IF(R302="Yes","Distributed",IF(Q302="Yes","Repurpose",IF(P302="Yes","Published",IF(O302="Yes","Scheduled",IF(N302="Yes","Design",IF(M302="Yes","Editing",IF(L302="Yes","Drafting",IF(K302="Yes","Research","Backlog"))))))))) | T302: =IF(A302="","",COUNTIF(K302:R302,"Yes")/8) | U302: =IF(OR(A302="",J302=""),"",J302-TODAY()) | Y302: =IF(OR(A302="",W302=0),"",X302/W302) | Z302: =IF(OR(A302="",J302=""),"",TEXT(J302,"yyyy-mm"))

Sheet Kanban Board
A1: Kanban Board (auto-refresh from Apps Script)
A3: Backlog | D3: Research | G3: Drafting | J3: Editing | M3: Design | P3: Scheduled | S3: Published | V3: Distributed
A4: =COUNTIF('Content Pipeline'!$S:$S,"Backlog") -> 1 | D4: =COUNTIF('Content Pipeline'!$S:$S,"Research") -> 1 | G4: =COUNTIF('Content Pipeline'!$S:$S,"Drafting") -> 1 | J4: =COUNTIF('Content Pipeline'!$S:$S,"Editing") -> 1 | M4: =COUNTIF('Content Pipeline'!$S:$S,"Design") -> 0 | P4: =COUNTIF('Content Pipeline'!$S:$S,"Scheduled") -> 1 | S4: =COUNTIF('Content Pipeline'!$S:$S,"Published") -> 0 | V4: =COUNTIF('Content Pipeline'!$S:$S,"Distributed") -> 0
A23: Use the Marketing OS menu in Google Sheets -> Refresh Kanban Board to populate lane cards automatically.

Sheet Command Center
A1: Marketing Command Center
B3: Total Projects | E3: Avg Progress | H3: Published+ | K3: Traffic
B4: =COUNTA('Content Pipeline'!A3:A302) -> 5 | E4: =IFERROR(SUM('Content Pipeline'!T3:T302)/COUNTA('Content Pipeline'!A3:A302),0) -> 0.275 | H4: =COUNTIF('Content Pipeline'!S3:S302,"Published")+COUNTIF('Content Pipeline'!S3:S302,"Repurpose")+COUNTIF('Content Pipeline'!S3:S302,"Distributed") -> 0 | K4: =SUM('Content Pipeline'!W3:W302) -> 460
B7: Conversions | E7: Conv Rate | H7: GMB Queue | K7: Due This Week
B8: =SUM('Content Pipeline'!X3:X302) -> 18 | E8: =IFERROR(SUM('Content Pipeline'!X3:X302)/SUM('Content Pipeline'!W3:W302),0) -> 0.039130435 | H8: =COUNTIFS('Content Calendar'!C3:C500,"Google Business Profile",'Content Calendar'!L3:L500,"Approved",'Content Calendar'!R3:R500,"Yes") -> 0 | K8: =COUNTIFS('Content Pipeline'!J3:J302,">="&TODAY(),'Content Pipeline'!J3:J302,"<="&TODAY()+7,'Content Pipeline'!A3:A302,"<>") -> 0
A12: Stage | B12: Count | D12: Month | E12: Traffic | F12: Conversions | H12: Upcoming Date | I12: Platform | J12: Topic | K12: Approval
A13: Backlog | B13: =COUNTIF('Content Pipeline'!$S$3:$S$302,A13) -> 1 | D13: =EOMONTH(TODAY(),-5)+1 -> 45962 | E13: =SUMIFS('Content Pipeline'!$W$3:$W$302,'Content Pipeline'!$Z$3:$Z$302,TEXT(D13,"yyyy-mm")) -> 0 | F13: =SUMIFS('Content Pipeline'!$X$3:$X$302,'Content Pipeline'!$Z$3:$Z$302,TEXT(D13,"yyyy-mm")) -> 0 | H13: ='Content Calendar'!B3 -> 46089 | I13: ='Content Calendar'!C3 -> Google Business Profile | J13: ='Content Calendar'!F3 -> Weekend escape room offer | K13: ='Content Calendar'!L3 -> Pending
A14: Research | B14: =COUNTIF('Content Pipeline'!$S$3:$S$302,A14) -> 1 | D14: =EOMONTH(TODAY(),-4)+1 -> 45992 | E14: =SUMIFS('Content Pipeline'!$W$3:$W$302,'Content Pipeline'!$Z$3:$Z$302,TEXT(D14,"yyyy-mm")) -> 0 | F14: =SUMIFS('Content Pipeline'!$X$3:$X$302,'Content Pipeline'!$Z$3:$Z$302,TEXT(D14,"yyyy-mm")) -> 0 | H14: ='Content Calendar'!B4 -> 46091 | I14: ='Content Calendar'!C4 -> Blog | J14: ='Content Calendar'!F4 -> Family escape room near me | K14: ='Content Calendar'!L4 -> Pending
A15: Drafting | B15: =COUNTIF('Content Pipeline'!$S$3:$S$302,A15) -> 1 | D15: =EOMONTH(TODAY(),-3)+1 -> 46023 | E15: =SUMIFS('Content Pipeline'!$W$3:$W$302,'Content Pipeline'!$Z$3:$Z$302,TEXT(D15,"yyyy-mm")) -> 0 | F15: =SUMIFS('Content Pipeline'!$X$3:$X$302,'Content Pipeline'!$Z$3:$Z$302,TEXT(D15,"yyyy-mm")) -> 0 | H15: ='Content Calendar'!B5 -> 46093 | I15: ='Content Calendar'!C5 -> Google Business Profile | J15: ='Content Calendar'!F5 -> Top rainy day activities in Peterborough | K15: ='Content Calendar'!L5 -> Pending
A16: Editing | B16: =COUNTIF('Content Pipeline'!$S$3:$S$302,A16) -> 1 | D16: =EOMONTH(TODAY(),-2)+1 -> 46054 | E16: =SUMIFS('Content Pipeline'!$W$3:$W$302,'Content Pipeline'!$Z$3:$Z$302,TEXT(D16,"yyyy-mm")) -> 0 | F16: =SUMIFS('Content Pipeline'!$X$3:$X$302,'Content Pipeline'!$Z$3:$Z$302,TEXT(D16,"yyyy-mm")) -> 0 | H16: ='Content Calendar'!B6 | I16: ='Content Calendar'!C6 | J16: ='Content Calendar'!F6 | K16: ='Content Calendar'!L6
A17: Design | B17: =COUNTIF('Content Pipeline'!$S$3:$S$302,A17) -> 0 | D17: =EOMONTH(TODAY(),-1)+1 -> 46082 | E17: =SUMIFS('Content Pipeline'!$W$3:$W$302,'Content Pipeline'!$Z$3:$Z$302,TEXT(D17,"yyyy-mm")) -> 460 | F17: =SUMIFS('Content Pipeline'!$X$3:$X$302,'Content Pipeline'!$Z$3:$Z$302,TEXT(D17,"yyyy-mm")) -> 18 | H17: ='Content Calendar'!B7 | I17: ='Content Calendar'!C7 | J17: ='Content Calendar'!F7 | K17: ='Content Calendar'!L7
A18: Scheduled | B18: =COUNTIF('Content Pipeline'!$S$3:$S$302,A18) -> 1 | D18: =EOMONTH(TODAY(),0)+1 -> 46113 | E18: =SUMIFS('Content Pipeline'!$W$3:$W$302,'Content Pipeline'!$Z$3:$Z$302,TEXT(D18,"yyyy-mm")) -> 0 | F18: =SUMIFS('Content Pipeline'!$X$3:$X$302,'Content Pipeline'!$Z$3:$Z$302,TEXT(D18,"yyyy-mm")) -> 0 | H18: ='Content Calendar'!B8 | I18: ='Content Calendar'!C8 | J18: ='Content Calendar'!F8 | K18: ='Content Calendar'!L8
A19: Published | B19: =COUNTIF('Content Pipeline'!$S$3:$S$302,A19) -> 0
A20: Distributed | B20: =COUNTIF('Content Pipeline'!$S$3:$S$302,A20) -> 0

Sheet Prompt Library
A1: AI Prompt Library
A2: Prompt ID | B2: Prompt Name | C2: Use Case | D2: Target Sheet | E2: Variables | F2: Prompt Template | G2: Action Hint | H2: Output Column
A3: PR-001 | B3: Blog Outline Builder | C3: SEO blog outline from pipeline topic | D3: Content Pipeline | E3: brand, audience, keyword, CTA | F3: Write a search-intent-matched SEO blog outline for {brand} about '{topic}'. Target keyword: {topic}. Audience: local buyer or prospect in {niche}. Include H1, meta description, H2s, FAQ, internal-link ideas, and a CTA to {cta}. | G3: Use menu -> Generate Blog Outline | H3: AB
A4: PR-002 | B4: GBP Post Generator | C4: Create a local Google Business Profile post | D4: Content Calendar | E4: brand, offer, location, CTA, URL | F4: Write a concise Google Business Profile post for {brand}. Topic: {topic}. Location keywords: {location_keywords}. CTA: {cta}. URL: {url}. Keep it natural, helpful, and action-oriented. | G4: Use menu -> Generate GMB Post | H4: H
A5: PR-003 | B5: Social Repurpose Pack | C5: Turn one topic into short posts | D5: Content Pipeline | E5: brand, topic, CTA | F5: Create 5 social posts for {brand} based on '{topic}'. Mix educational, promotional, and proof-based angles. End each with a CTA to {cta}. | G5: Use menu -> Generate Social Pack | H5: AB
A6: PR-004 | B6: Video Script Starter | C6: Build short-form or YouTube script | D6: Content Pipeline | E6: brand, topic, audience | F6: Write a YouTube script for {brand} on '{topic}' for {niche}. Include hook, talking points, CTA, and B-roll ideas. | G6: Use menu -> Generate Video Script | H6: AB

Sheet Prompt Launcher
A1: Prompt Launcher / Button Grid
B3: Generate Blog Outline Select a row in Content Pipeline | F3: Generate GMB Post Select a row in Content Calendar | J3: Generate Social Pack Select a row in Content Pipeline | N3: Refresh Kanban Rebuild board from current stages
B9: Sync Pipeline -> Calendar Create calendar rows from pipeline | F9: Build Weekly Queue Auto-fill upcoming calendar slots | J9: Post Approved GMB Publish approved GBP rows | N9: Open Config / Setup Complete keys before AI actions
A14: Note | B14: These tiles are visual launchers. The included Apps Script adds the real Marketing OS menu actions in Google Sheets.
B15: If you want true clickable drawings, add them in Google Sheets after import and assign them to the matching Apps Script function names.

Sheet Content Calendar
A1: Content Calendar + GMB Workflow
A2: Calendar ID | B2: Post Date | C2: Platform | D2: Content Type | E2: Source Project ID | F2: Topic | G2: Workflow Status | H2: Generated Copy | I2: CTA | J2: Destination URL | K2: Location Keywords | L2: Approval | M2: Auto Queue | N2: Published URL | O2: Publish Week | P2: Owner | Q2: Notes | R2: Publish to GBP? | S2: GBP Topic Type | T2: Media URL
A3: CAL-001 | B3: 46089 | C3: Google Business Profile | D3: Offer | E3: P-003 | F3: Weekend escape room offer | G3: Ready to Generate | I3: Book now | J3: https://example.com/book | K3: Peterborough escape room, family fun | L3: Pending | M3: Yes | O3: =IF(B3="","",TEXT(B3,"yyyy")&"-W"&TEXT(ISOWEEKNUM(B3),"00")) -> 2026-W10 | P3: Marcus | Q3: Offer + weekend CTA | R3: Yes | S3: STANDARD
A4: CAL-002 | B4: 46091 | C4: Blog | D4: Article | E4: P-001 | F4: Family escape room near me | G4: Drafted | I4: Read more | J4: https://example.com/blog/escape-room-near-me | K4: Peterborough, Kawarthas | L4: Pending | M4: Yes | O4: =IF(B4="","",TEXT(B4,"yyyy")&"-W"&TEXT(ISOWEEKNUM(B4),"00")) -> 2026-W11 | P4: Marcus | Q4: Link to booking page | R4: No | S4: STANDARD
A5: CAL-003 | B5: 46093 | C5: Google Business Profile | D5: Update | E5: P-002 | F5: Top rainy day activities in Peterborough | G5: Planned | I5: Learn more | J5: https://example.com/blog/rainy-day-activities | K5: Peterborough rainy day activities | L5: Pending | M5: Yes | O5: =IF(B5="","",TEXT(B5,"yyyy")&"-W"&TEXT(ISOWEEKNUM(B5),"00")) -> 2026-W11 | P5: Marcus | Q5: Tie to spoke content | R5: Yes | S5: STANDARD
O6: =IF(B6="","",TEXT(B6,"yyyy")&"-W"&TEXT(ISOWEEKNUM(B6),"00"))
O7: =IF(B7="","",TEXT(B7,"yyyy")&"-W"&TEXT(ISOWEEKNUM(B7),"00"))
O8: =IF(B8="","",TEXT(B8,"yyyy")&"-W"&TEXT(ISOWEEKNUM(B8),"00"))
O9: =IF(B9="","",TEXT(B9,"yyyy")&"-W"&TEXT(ISOWEEKNUM(B9),"00"))
O10: =IF(B10="","",TEXT(B10,"yyyy")&"-W"&TEXT(ISOWEEKNUM(B10),"00"))
O11: =IF(B11="","",TEXT(B11,"yyyy")&"-W"&TEXT(ISOWEEKNUM(B11),"00"))
O12: =IF(B12="","",TEXT(B12,"yyyy")&"-W"&TEXT(ISOWEEKNUM(B12),"00"))
O13: =IF(B13="","",TEXT(B13,"yyyy")&"-W"&TEXT(ISOWEEKNUM(B13),"00"))
O14: =IF(B14="","",TEXT(B14,"yyyy")&"-W"&TEXT(ISOWEEKNUM(B14),"00"))
O15: =IF(B15="","",TEXT(B15,"yyyy")&"-W"&TEXT(ISOWEEKNUM(B15),"00"))
O16: =IF(B16="","",TEXT(B16,"yyyy")&"-W"&TEXT(ISOWEEKNUM(B16),"00"))
O17: =IF(B17="","",TEXT(B17,"yyyy")&"-W"&TEXT(ISOWEEKNUM(B17),"00"))
... O502: =IF(B502="","",TEXT(B502,"yyyy")&"-W"&TEXT(ISOWEEKNUM(B502),"00"))

Sheet Config
A1: Config / API Setup
A2: Key | B2: Value | C2: Notes
A3: OPENAI_API_KEY | B3: sk-... | C3: Prefer storing this in Script Properties after setup.
A4: OPENAI_MODEL | B4: gpt-5.4 | C4: Responses API-compatible model.
A5: BRAND_NAME | B5: Escape Maze | C5: Primary business/brand name.
A6: BRAND_VOICE | B6: Helpful, local, conversion-focused | C6: Tone for generation.
A7: WEBSITE_URL | B7: https://example.com | C7: Default site URL.
A8: DEFAULT_CTA | B8: Book now | C8: Default CTA.
A9: DEFAULT_LOCATION_KEYWORDS | B9: Peterborough, Kawarthas | C9: Local keyword bundle.
A10: GMB_ACCOUNT_ID | B10: accounts/123456789 | C10: Business Profile account resource.
A11: GMB_LOCATION_ID | B11: locations/123456789 | C11: Business Profile location resource.
A12: GBP_DIRECT_POSTING | B12: No | C12: Set Yes only after API access/scopes are working.

Sheet Apps Script Setup
A1: Apps Script Setup
A2: Step | B2: Action | C2: Notes
A3: 1 | B3: Open the workbook in Google Sheets | C3: Upload the .xlsx to Google Drive, then open with Google Sheets.
A4: 2 | B4: Open Extensions > Apps Script | C4: Delete the default code and paste in Code.gs. Add appsscript.json.
A5: 3 | B5: Review Config sheet | C5: Fill API key, model, website URL, CTA, and GBP account/location IDs.
A6: 4 | B6: Reload the spreadsheet | C6: You will see a new menu named Marketing OS.
A7: 5 | B7: Authorize the script | C7: The first run will prompt for authorization.
A8: 6 | B8: Run Sync Pipeline to Calendar | C8: Creates calendar queue rows from pipeline items.
A9: 7 | B9: Run Refresh Kanban | C9: Builds visual lane cards from current pipeline stages.
